date,channel_id,campaign_id,spend,clicks,conversions,revenue,CPC,CAC,ROAS
2025-01-01,1,1,2185.43,152,43,36653,14.37782894736842,50.82395348837209,16.77152780002105
2025-01-01,2,2,4778.21,485,49,31657,9.851979381443298,97.51448979591837,6.625284363809879
2025-01-01,3,3,3793.97,398,46,44952,9.532587939698493,82.47760869565217,11.848275025896358
2025-01-01,4,4,0.0,320,43,27180,0.0,0.0,0.0
2025-01-02,1,5,3193.96,156,18,36896,20.47410256410257,177.44222222222223,11.551804030106826
2025-01-02,2,2,1202.08,121,35,17875,9.934545454545454,34.345142857142854,14.870058565153734
2025-01-02,3,3,1201.98,238,9,6622,5.050336134453781,133.55333333333334,5.509243082247624
2025-01-02,4,6,0.0,70,39,45809,0.0,0.0,0.0
2025-01-03,1,1,761.38,152,27,21725,5.009078947368421,28.19925925925926,28.53371509627256
2025-01-03,2,7,4397.79,171,33,45760,25.7180701754386,133.26636363636362,10.405226261372189
2025-01-03,3,8,3205.02,264,47,20646,12.140227272727271,68.19191489361702,6.441769474137447
2025-01-03,4,6,0.0,380,15,22029,0.0,0.0,0.0
2025-01-04,1,1,3686.33,137,22,34402,26.907518248175183,167.56045454545455,9.332316965654188
2025-01-04,2,9,592.63,422,16,9263,1.4043364928909952,37.039375,15.630325835681624
2025-01-04,3,3,4864.59,149,13,35987,32.64825503355705,374.1992307692308,7.397745750412676
2025-01-04,4,6,0.0,409,14,13646,0.0,0.0,0.0
2025-01-05,1,5,4245.99,201,48,32529,21.124328358208952,88.458125,7.661110836342055
2025-01-05,2,2,1455.53,180,21,16664,8.086277777777777,69.31095238095239,11.448750626919404
2025-01-05,3,3,1318.21,199,42,40737,6.624170854271357,31.385952380952386,30.90327034387541
2025-01-05,4,6,0.0,358,11,40796,0.0,0.0,0.0
2025-01-06,1,1,1325.32,307,17,29027,4.31700325732899,77.96,21.90188030060665
2025-01-06,2,2,1869.09,393,44,34373,4.755954198473282,42.47931818181818,18.390232680074263
2025-01-06,3,8,2861.4,463,46,41397,6.18012958963283,62.20434782608696,14.467393583560494
2025-01-06,4,4,0.0,343,13,25609,0.0,0.0,0.0
2025-01-07,1,5,2443.75,435,31,40835,5.617816091954023,78.83064516129032,16.70997442455243
2025-01-07,2,9,1810.53,241,6,43709,7.512572614107884,301.755,24.1415497119628
2025-01-07,3,8,3253.34,493,9,24250,6.599066937119676,361.4822222222222,7.453878168282442
2025-01-07,4,4,0.0,326,33,26172,0.0,0.0,0.0
2025-01-08,1,5,1127.72,210,41,16555,5.370095238095238,27.50536585365854,14.680062426843543
2025-01-08,2,2,1814.65,363,42,26874,4.999035812672177,43.20595238095238,14.809467390405862
2025-01-08,3,8,2148.63,71,23,18081,30.262394366197185,93.41869565217392,8.415129640747825
2025-01-08,4,4,0.0,302,12,29063,0.0,0.0,0.0
2025-01-09,1,10,2552.31,285,49,11819,8.955473684210526,52.08795918367347,4.630707084954414
2025-01-09,2,9,4033.29,394,5,30712,10.236776649746194,806.658,7.614627264590446
2025-01-09,3,3,1398.53,98,26,29762,14.270714285714286,53.78961538461538,21.28091639078175
2025-01-09,4,6,0.0,108,21,16046,0.0,0.0,0.0
2025-01-10,1,10,2814.05,219,11,36463,12.849543378995437,255.8227272727273,12.957481210355182
2025-01-10,2,2,3165.87,237,29,33769,13.358101265822784,109.16793103448276,10.666578223363562
2025-01-10,3,3,709.03,320,49,28150,2.21571875,14.47,39.70212825973513
2025-01-10,4,4,0.0,239,8,7711,0.0,0.0,0.0
2025-01-11,1,5,3233.95,495,40,9853,6.533232323232323,80.84875,3.0467385086349514
2025-01-11,2,9,1267.36,224,10,34077,5.657857142857142,126.736,26.888176997853808
2025-01-11,3,11,792.73,495,35,28863,1.6014747474747475,22.64942857142857,36.40962244395948
2025-01-11,4,4,0.0,100,23,26792,0.0,0.0,0.0
2025-01-12,1,5,4769.98,413,48,45483,11.54958837772397,99.37458333333332,9.535260105912394
2025-01-12,2,7,4845.34,104,43,13942,46.589807692307694,112.68232558139536,2.8774038560761475
2025-01-12,3,11,4137.79,293,31,6762,14.122150170648464,133.47709677419354,1.6342056991775804
2025-01-12,4,6,0.0,369,14,36987,0.0,0.0,0.0
2025-01-13,1,10,1870.76,180,30,20850,10.39311111111111,62.35866666666666,11.145203019093843
2025-01-13,2,2,939.52,356,23,17112,2.639101123595505,40.84869565217391,18.213555858310627
2025-01-13,3,8,3579.05,184,43,29058,19.45135869565217,83.23372093023256,8.118914237018203
2025-01-13,4,4,0.0,70,7,43890,0.0,0.0,0.0
2025-01-14,1,1,2480.69,378,49,5481,6.562671957671958,50.626326530612246,2.2094659147253384
2025-01-14,2,7,1049.17,216,17,37921,4.857268518518519,61.71588235294118,36.14380891561901
2025-01-14,3,11,2728.3,323,32,45385,8.446749226006192,85.259375,16.634900854011654
2025-01-14,4,6,0.0,437,24,6524,0.0,0.0,0.0
2025-01-15,1,1,654.75,138,32,39888,4.744565217391305,20.4609375,60.92096219931271
2025-01-15,2,2,4591.94,365,12,20048,12.580657534246576,382.6616666666666,4.365910704408159
2025-01-15,3,3,1664.51,63,45,40111,26.42079365079365,36.98911111111112,24.09778253059459
2025-01-15,4,6,0.0,291,43,42904,0.0,0.0,0.0
2025-01-16,1,10,3481.35,314,5,39008,11.087101910828023,696.27,11.20484869375386
2025-01-16,2,2,1902.7,395,7,5060,4.816962025316456,271.81428571428575,2.6593787775266726
2025-01-16,3,3,2840.31,102,17,14130,27.846176470588237,167.0770588235294,4.974809087740423
2025-01-16,4,6,0.0,435,32,23023,0.0,0.0,0.0
2025-01-17,1,10,2960.2,389,29,18350,7.609768637532134,102.0758620689655,6.198905479359503
2025-01-17,2,9,1331.85,141,37,29354,9.445744680851064,35.99594594594594,22.040019521717912
2025-01-17,3,11,4863.13,416,42,33145,11.690216346153846,115.78880952380952,6.815569396664288
2025-01-17,4,4,0.0,493,10,39020,0.0,0.0,0.0
2025-01-18,1,5,3988.1,477,48,25587,8.360796645702306,83.08541666666666,6.41583711541837
2025-01-18,2,9,4727.75,313,49,46131,15.104632587859426,96.48469387755102,9.75749563745968
2025-01-18,3,11,4526.72,480,36,14650,9.430666666666667,125.74222222222222,3.2363388943871056
2025-01-18,4,6,0.0,84,49,24933,0.0,0.0,0.0
2025-01-19,1,1,3190.55,255,25,25581,12.511960784313729,127.622,8.017739888107066
2025-01-19,2,9,4648.43,130,20,28393,35.75715384615385,232.4215,6.108083804639415
2025-01-19,3,8,898.22,469,25,28051,1.915181236673774,35.9288,31.229542873683503
2025-01-19,4,6,0.0,99,15,31212,0.0,0.0,0.0
2025-01-20,1,1,1381.92,409,41,9090,3.3787775061124696,33.70536585365854,6.577804793331017
2025-01-20,2,7,703.52,437,40,11960,1.609885583524027,17.588,17.00022742779168
2025-01-20,3,3,1963.99,51,39,40772,38.50960784313725,50.358717948717945,20.75977983594621
2025-01-20,4,6,0.0,439,23,26520,0.0,0.0,0.0
2025-01-21,1,5,2249.05,103,24,41408,21.835436893203884,93.71041666666667,18.41132922789622
2025-01-21,2,9,1721.07,155,22,33470,11.103677419354838,78.23045454545455,19.447204355430053
2025-01-21,3,11,4229.32,309,45,25491,13.687119741100323,93.98488888888888,6.027210047950971
2025-01-21,4,4,0.0,359,18,6341,0.0,0.0,0.0
2025-01-22,1,1,2105.39,240,19,49623,8.772458333333333,110.81,23.56950493732753
2025-01-22,2,7,1764.21,451,35,29791,3.911773835920177,50.406,16.88631172026006
2025-01-22,3,8,2942.13,267,5,5338,11.019213483146068,588.426,1.8143317936325043
2025-01-22,4,6,0.0,93,7,10895,0.0,0.0,0.0
2025-01-23,1,1,1134.16,211,20,17254,5.375165876777252,56.708000000000006,15.213021090498694
2025-01-23,2,9,4109.89,251,27,16344,16.37406374501992,152.21814814814817,3.976748769431785
2025-01-23,3,3,835.48,495,15,6750,1.687838383838384,55.69866666666667,8.079188011681907
2025-01-23,4,6,0.0,319,16,7421,0.0,0.0,0.0
2025-01-24,1,5,4940.99,400,14,44887,12.352475,352.92785714285714,9.084616645651986
2025-01-24,2,9,3975.1,353,36,10319,11.260906515580736,110.41944444444444,2.5959095368669973
2025-01-24,3,11,1394.22,320,20,20896,4.3569375,69.711,14.987591628293956
2025-01-24,4,4,0.0,264,12,16918,0.0,0.0,0.0
2025-01-25,1,5,524.85,301,42,30064,1.743687707641196,12.496428571428572,57.28112794131656
2025-01-25,2,2,4169.58,239,16,32935,17.445941422594142,260.59875,7.898877105128094
2025-01-25,3,8,3680.86,345,28,42641,10.669159420289857,131.45928571428573,11.58452100867732
2025-01-25,4,4,0.0,262,32,34711,0.0,0.0,0.0
2025-01-26,1,5,3780.53,257,12,9806,14.71023346303502,315.0441666666667,2.5938162109545484
2025-01-26,2,7,3970.72,286,32,46360,13.883636363636365,124.085,11.675464399403635
2025-01-26,3,11,833.2,387,40,17182,2.15297157622739,20.83,20.621699471915505
2025-01-26,4,4,0.0,416,30,27297,0.0,0.0,0.0
2025-01-27,1,1,2113.1,102,12,24541,20.716666666666665,176.09166666666667,11.613742842269652
2025-01-27,2,9,1021.41,329,32,33921,3.1045896656534957,31.9190625,33.20997444708785
2025-01-27,3,3,4383.97,459,32,21774,9.551132897603486,136.9990625,4.96673106795895
2025-01-27,4,4,0.0,266,41,49813,0.0,0.0,0.0
2025-01-28,1,5,3304.84,301,45,42198,10.97953488372093,73.44088888888889,12.768545527166216
2025-01-28,2,2,1989.04,237,40,13820,8.392573839662447,49.726,6.948075453485099
2025-01-28,3,8,786.01,429,31,29070,1.832191142191142,25.35516129032258,36.98426228673935
2025-01-28,4,4,0.0,90,21,9232,0.0,0.0,0.0
2025-01-29,1,1,1899.42,206,13,16122,9.220485436893204,146.10923076923078,8.487854187067631
2025-01-29,2,7,1963.32,64,37,20023,30.676875,53.0627027027027,10.198541246460078
2025-01-29,3,11,3783.23,350,24,13007,10.809228571428571,157.63458333333332,3.438067471446357
2025-01-29,4,4,0.0,114,17,22905,0.0,0.0,0.0
2025-01-30,1,10,3369.01,394,32,46786,8.550786802030457,105.2815625,13.887165665878106
2025-01-30,2,2,4492.46,376,33,34398,11.948031914893615,136.1351515151515,7.656829443111347
2025-01-30,3,3,2624.97,58,17,39268,45.25810344827586,154.41,14.959409059913067
2025-01-30,4,4,0.0,393,39,11737,0.0,0.0,0.0
2025-01-31,1,5,1038.17,178,10,41062,5.832415730337079,103.817,39.55228912413188
2025-01-31,2,2,3709.6,185,22,30510,20.05189189189189,168.61818181818182,8.224606426568903
2025-01-31,3,3,3923.53,112,9,24426,35.03151785714286,435.9477777777778,6.225516308018544
2025-01-31,4,6,0.0,188,29,42265,0.0,0.0,0.0
2025-02-01,1,1,3025.75,130,6,22850,23.275,504.2916666666667,7.551846649591011
2025-02-01,2,2,3969.35,441,14,5614,9.00079365079365,283.525,1.4143373600211622
2025-02-01,3,8,2722.08,212,34,26776,12.84,80.06117647058824,9.836595544583554
2025-02-01,4,4,0.0,468,49,29077,0.0,0.0,0.0
2025-02-02,1,1,2852.3,338,9,14374,8.438757396449704,316.9222222222222,5.039441853942432
2025-02-02,2,2,2423.93,428,37,40435,5.66338785046729,65.51162162162161,16.681587339568388
2025-02-02,3,11,614.39,310,5,35907,1.9819032258064515,122.878,58.443334038639954
2025-02-02,4,4,0.0,280,22,18409,0.0,0.0,0.0
2025-02-03,1,1,985.51,90,36,21514,10.950111111111111,27.37527777777778,21.830321356455038
2025-02-03,2,9,641.43,77,15,34866,8.33025974025974,42.76199999999999,54.35667181142136
2025-02-03,3,8,3363.85,184,25,7983,18.28179347826087,134.554,2.373173595731082
2025-02-03,4,4,0.0,250,30,36705,0.0,0.0,0.0
2025-02-04,1,1,1914.6,377,29,25662,5.0785145888594165,66.0206896551724,13.403321842682546
2025-02-04,2,2,2788.57,317,26,28510,8.796750788643534,107.25269230769231,10.223878188462184
2025-02-04,3,8,4584.05,467,31,17651,9.81595289079229,147.8725806451613,3.85052519060656
2025-02-04,4,6,0.0,82,17,45998,0.0,0.0,0.0
2025-02-05,1,1,1621.82,97,37,33535,16.71979381443299,43.83297297297297,20.67738713297407
2025-02-05,2,7,2346.72,456,38,11640,5.146315789473684,61.7557894736842,4.960114542851299
2025-02-05,3,11,3899.98,111,45,49547,35.13495495495496,86.66622222222222,12.704424125251924
2025-02-05,4,4,0.0,265,39,20317,0.0,0.0,0.0
2025-02-06,1,5,1529.59,342,5,12564,4.472485380116959,305.918,8.213965833981655
2025-02-06,2,9,846.41,148,25,32345,5.718986486486486,33.8564,38.21434056780993
2025-02-06,3,11,1803.88,221,10,33687,8.16235294117647,180.388,18.674745548484378
2025-02-06,4,6,0.0,409,32,18737,0.0,0.0,0.0
2025-02-07,1,10,1225.5,263,21,14323,4.659695817490494,58.35714285714285,11.687474500204
2025-02-07,2,2,4683.64,84,9,20229,55.75761904761905,520.4044444444445,4.319076615623746
2025-02-07,3,8,4136.54,498,35,49481,8.306305220883534,118.18685714285714,11.96192953531212
2025-02-07,4,4,0.0,276,9,13502,0.0,0.0,0.0
2025-02-08,1,1,3350.32,150,42,5545,22.33546666666667,79.76952380952382,1.6550657847608583
2025-02-08,2,2,4421.57,480,7,42114,9.211604166666666,631.6528571428571,9.524671100989016
2025-02-08,3,8,4116.52,180,27,34430,22.86955555555556,152.46370370370371,8.363860736738799
2025-02-08,4,6,0.0,306,41,14996,0.0,0.0,0.0
2025-02-09,1,1,1339.57,54,41,32788,24.80685185185185,32.67243902439024,24.47651111923976
2025-02-09,2,9,4516.52,267,14,34969,16.915805243445696,322.60857142857145,7.742465437992082
2025-02-09,3,8,2927.04,304,14,18919,9.62842105263158,209.0742857142857,6.463526292773588
2025-02-09,4,6,0.0,447,23,8810,0.0,0.0,0.0
2025-02-10,1,5,4133.48,408,21,35586,10.131078431372549,196.83238095238093,8.609210640912742
2025-02-10,2,9,4532.41,332,25,44974,13.65183734939759,181.2964,9.922756326104656
2025-02-10,3,3,1931.02,442,18,46773,4.368823529411765,107.27888888888889,24.221913807210697
2025-02-10,4,6,0.0,256,13,21371,0.0,0.0,0.0
2025-02-11,1,1,995.23,64,5,34629,15.55046875,199.046,34.79497201651879
2025-02-11,2,9,1525.71,395,49,13436,3.862556962025317,31.13693877551021,8.806391778254058
2025-02-11,3,11,2421.99,91,17,17984,26.615274725274723,142.47,7.425299030962143
2025-02-11,4,6,0.0,429,8,38039,0.0,0.0,0.0
2025-02-12,1,5,4181.07,228,5,24895,18.338026315789477,836.2139999999999,5.954217461080537
2025-02-12,2,9,4373.29,112,44,23155,39.04723214285714,99.39295454545454,5.29464087677698
2025-02-12,3,11,531.28,401,36,15616,1.3248877805486283,14.757777777777775,29.39316368016865
2025-02-12,4,6,0.0,280,38,42129,0.0,0.0,0.0
2025-02-13,1,5,2798.36,290,32,44837,9.64951724137931,87.44875,16.022598950814047
2025-02-13,2,2,2378.35,101,35,29574,23.5480198019802,67.95285714285714,12.43467109550739
2025-02-13,3,8,1499.49,145,12,8430,10.341310344827589,124.9575,5.621911449892964
2025-02-13,4,6,0.0,437,43,17676,0.0,0.0,0.0
2025-02-14,1,5,1039.39,271,30,15816,3.835387453874539,34.64633333333334,15.21661743907484
2025-02-14,2,7,2019.27,456,38,37733,4.428223684210527,53.13868421052632,18.68645599647397
2025-02-14,3,11,4743.09,280,7,25144,16.93960714285714,677.5842857142858,5.3011855140847
2025-02-14,4,6,0.0,286,16,7050,0.0,0.0,0.0
2025-02-15,1,1,1954.41,192,5,49460,10.17921875,390.882,25.30687010402116
2025-02-15,2,2,2834.56,220,48,38933,12.884363636363636,59.053333333333335,13.73511232783924
2025-02-15,3,3,3663.59,78,9,29951,46.96910256410256,407.0655555555556,8.175314377427604
2025-02-15,4,4,0.0,85,34,37413,0.0,0.0,0.0
2025-02-16,1,1,2136.33,62,34,39801,34.456935483870964,62.83323529411764,18.63054865119153
2025-02-16,2,2,4873.02,209,21,37913,23.31588516746412,232.04857142857145,7.780185593328161
2025-02-16,3,11,4831.01,376,27,45600,12.84843085106383,178.9262962962963,9.43901999788864
2025-02-16,4,4,0.0,236,19,30280,0.0,0.0,0.0
2025-02-17,1,5,1633.02,292,41,29557,5.592534246575342,39.829756097560974,18.09959461611003
2025-02-17,2,7,2737.62,135,25,40400,20.278666666666663,109.5048,14.75734397030998
2025-02-17,3,8,1853.95,333,18,9494,5.567417417417418,102.99722222222222,5.120957954637396
2025-02-17,4,6,0.0,115,6,20152,0.0,0.0,0.0
2025-02-18,1,1,1781.78,219,15,28895,8.135981735159817,118.78533333333333,16.216929138277454
2025-02-18,2,9,665.99,94,43,14155,7.085,15.488139534883722,21.25407288397724
2025-02-18,3,11,3243.04,111,42,36883,29.21657657657657,77.21523809523809,11.372971039518475
2025-02-18,4,4,0.0,490,38,48194,0.0,0.0,0.0
2025-02-19,1,10,2762.06,183,42,48001,15.093224043715846,65.76333333333334,17.378695611246677
2025-02-19,2,7,731.65,333,38,6828,2.197147147147147,19.25394736842105,9.332331032597551
2025-02-19,3,11,1753.91,77,22,46898,22.77805194805195,79.72318181818183,26.73911432171548
2025-02-19,4,6,0.0,157,34,37123,0.0,0.0,0.0
2025-02-20,1,5,4587.2,93,19,42573,49.324731182795695,241.4315789473684,9.28082490408092
2025-02-20,2,2,1578.03,389,31,5806,4.056632390745501,50.9041935483871,3.6792709897783946
2025-02-20,3,3,1152.03,335,38,45970,3.4388955223880595,30.31657894736842,39.90347473590098
2025-02-20,4,4,0.0,495,42,34757,0.0,0.0,0.0
2025-02-21,1,5,2702.54,380,37,39636,7.111947368421053,73.04162162162162,14.666202905414906
2025-02-21,2,7,4935.43,177,28,19561,27.883785310734464,176.26535714285714,3.963383129737429
2025-02-21,3,8,1589.25,397,19,29262,4.003148614609572,83.64473684210526,18.412458706937237
2025-02-21,4,6,0.0,280,34,19899,0.0,0.0,0.0
2025-02-22,1,1,3524.61,239,46,20934,14.74732217573222,76.62195652173914,5.939380527207265
2025-02-22,2,2,3927.29,274,21,43197,14.333175182481751,187.01380952380956,10.999187735053944
2025-02-22,3,3,1569.37,434,9,46844,3.616059907834101,174.37444444444444,29.84892026736844
2025-02-22,4,6,0.0,426,33,41332,0.0,0.0,0.0
2025-02-23,1,1,3776.97,332,8,39157,11.376415662650604,472.12125,10.36730500904164
2025-02-23,2,7,2155.02,495,14,16593,4.353575757575758,153.93,7.699696522538074
2025-02-23,3,3,3345.38,170,21,45042,19.678705882352943,159.30380952380952,13.463941316083671
2025-02-23,4,6,0.0,165,14,22320,0.0,0.0,0.0
2025-02-24,1,5,3350.88,282,21,32376,11.882553191489365,159.56571428571428,9.661939550207704
2025-02-24,2,2,2910.99,308,24,48513,9.451266233766232,121.29125,16.665464326569314
2025-02-24,3,11,906.3,408,28,19199,2.2213235294117646,32.36785714285714,21.183934679465963
2025-02-24,4,6,0.0,247,9,20876,0.0,0.0,0.0
2025-02-25,1,1,4258.86,460,38,13245,9.258391304347825,112.07526315789472,3.1099871796677987
2025-02-25,2,2,1943.51,186,10,12214,10.448978494623656,194.351,6.284505868248684
2025-02-25,3,11,1339.33,367,6,5726,3.649400544959128,223.22166666666664,4.275271964340379
2025-02-25,4,4,0.0,214,17,16362,0.0,0.0,0.0
2025-02-26,1,5,683.49,274,47,23297,2.4944890510948907,14.542340425531917,34.08535604032246
2025-02-26,2,7,3159.02,356,47,35448,8.87365168539326,67.2131914893617,11.221201511861274
2025-02-26,3,3,3549.04,283,15,31172,12.54077738515901,236.60266666666664,8.78322025111016
2025-02-26,4,4,0.0,221,27,47874,0.0,0.0,0.0
2025-02-27,1,5,574.65,201,20,12657,2.858955223880597,28.7325,22.025580788305927
2025-02-27,2,9,2804.42,364,35,23850,7.704450549450549,80.12628571428571,8.504432289029461
2025-02-27,3,11,1519.23,423,15,30425,3.5915602836879432,101.282,20.026592418527805
2025-02-27,4,6,0.0,209,20,31685,0.0,0.0,0.0
2025-02-28,1,5,3403.28,145,12,29578,23.470896551724135,283.6066666666667,8.69102747937284
2025-02-28,2,2,1284.65,282,8,33831,4.55549645390071,160.58125,26.334799361693843
2025-02-28,3,8,3609.22,229,44,12906,15.760786026200872,82.02772727272726,3.5758418716509386
2025-02-28,4,4,0.0,162,8,12287,0.0,0.0,0.0
2025-03-01,1,10,2240.31,367,29,38660,6.104386920980926,77.25206896551724,17.25654038949967
2025-03-01,2,9,4715.28,491,7,15222,9.603421588594705,673.6114285714285,3.2282282282282284
2025-03-01,3,11,1118.84,101,36,42443,11.077623762376238,31.078888888888887,37.934825354831794
2025-03-01,4,4,0.0,317,7,39701,0.0,0.0,0.0
2025-03-02,1,1,2034.8,344,31,22764,5.915116279069768,65.63870967741936,11.187340279142914
2025-03-02,2,2,1010.63,435,33,49641,2.3232873563218392,30.625151515151515,49.11886644964032
2025-03-02,3,8,4661.12,436,36,22674,10.690642201834862,129.47555555555556,4.864496086777427
2025-03-02,4,6,0.0,162,23,23024,0.0,0.0,0.0
2025-03-03,1,5,4448.03,150,25,28874,29.65353333333333,177.9212,6.49141305251988
2025-03-03,2,9,1660.74,162,9,48642,10.251481481481482,184.52666666666667,29.289352939051263
2025-03-03,3,8,3469.93,489,22,37284,7.095971370143149,157.7240909090909,10.74488534350837
2025-03-03,4,4,0.0,130,32,22602,0.0,0.0,0.0
2025-03-04,1,5,4177.5,236,46,42784,17.701271186440678,90.81521739130434,10.241532016756434
2025-03-04,2,2,2998.4,162,26,28265,18.50864197530864,115.32307692307693,9.42669423692636
2025-03-04,3,3,2883.43,51,25,30931,56.537843137254896,115.3372,10.727154812150808
2025-03-04,4,6,0.0,179,10,33841,0.0,0.0,0.0
2025-03-05,1,1,1588.34,269,5,34192,5.904609665427509,317.668,21.526877116990065
2025-03-05,2,9,918.96,103,9,47520,8.921941747572816,102.10666666666668,51.71062940715591
2025-03-05,3,3,4537.47,392,45,20585,11.575178571428571,100.83266666666668,4.536669112963832
2025-03-05,4,4,0.0,273,16,30559,0.0,0.0,0.0
2025-03-06,1,5,4551.88,274,30,45059,16.612700729927006,151.72933333333333,9.898986792270446
2025-03-06,2,9,3348.96,434,38,38742,7.716497695852535,88.13052631578948,11.568367493191916
2025-03-06,3,11,2025.63,452,18,9133,4.481482300884956,112.535,4.50872074366987
2025-03-06,4,6,0.0,175,30,19663,0.0,0.0,0.0
2025-03-07,1,5,2071.44,179,49,26754,11.572290502793296,42.27428571428572,12.915652879156529
2025-03-07,2,9,3766.8,102,31,8972,36.92941176470588,121.50967741935484,2.3818625889349048
2025-03-07,3,8,4537.0,221,13,10295,20.529411764705884,349.0,2.269120564249504
2025-03-07,4,6,0.0,267,30,46873,0.0,0.0,0.0
2025-03-08,1,5,4491.89,209,26,34125,21.492296650717705,172.765,7.597024860359447
2025-03-08,2,7,4009.44,247,34,45996,16.23255060728745,117.92470588235294,11.471926254040463
2025-03-08,3,8,3389.14,465,47,14903,7.28847311827957,72.10936170212766,4.397280726083904
2025-03-08,4,6,0.0,296,21,8020,0.0,0.0,0.0
2025-03-09,1,5,878.63,373,30,46755,2.3555764075067023,29.287666666666667,53.21352560235822
2025-03-09,2,2,1227.33,488,40,25420,2.5150204918032784,30.68325,20.71162605004359
2025-03-09,3,3,4543.49,252,5,26452,18.029722222222222,908.698,5.821956249491031
2025-03-09,4,4,0.0,233,12,43001,0.0,0.0,0.0
2025-03-10,1,10,3228.93,172,39,14516,18.772848837209303,82.79307692307692,4.495606903835017
2025-03-10,2,9,541.39,450,19,7396,1.2030888888888889,28.49421052631579,13.66113153179778
2025-03-10,3,3,956.62,304,26,23546,3.1467763157894737,36.79307692307693,24.61374422445694
2025-03-10,4,4,0.0,343,18,24129,0.0,0.0,0.0
2025-03-11,1,5,3485.76,329,30,6591,10.59501519756839,116.192,1.890835857890388
2025-03-11,2,2,522.78,374,32,16303,1.397807486631016,16.336875,31.18520218830101
2025-03-11,3,11,1223.64,421,27,35561,2.9065083135391925,45.32,29.061652119904544
2025-03-11,4,6,0.0,147,18,11183,0.0,0.0,0.0
2025-03-12,1,10,2969.3,247,28,31572,12.021457489878545,106.04642857142858,10.632809079581046
2025-03-12,2,9,3613.53,444,6,39080,8.138581081081082,602.255,10.814909520607271
2025-03-12,3,11,3433.83,289,49,25695,11.881764705882352,70.07816326530612,7.482898105031408
2025-03-12,4,4,0.0,193,30,12314,0.0,0.0,0.0
2025-03-13,1,10,1509.21,146,18,24623,10.337054794520547,83.845,16.315158261607067
2025-03-13,2,7,3704.81,250,11,7139,14.81924,336.8009090909091,1.9269544187151295
2025-03-13,3,8,1567.62,173,7,36290,9.061387283236993,223.94571428571427,23.14974292239191
2025-03-13,4,4,0.0,236,27,23088,0.0,0.0,0.0
2025-03-14,1,5,1964.3,375,47,44692,5.238133333333333,41.7936170212766,22.75212543908772
2025-03-14,2,2,3859.21,398,49,38130,9.696507537688442,78.75938775510204,9.880260467815951
2025-03-14,3,11,3423.35,308,22,37088,11.114772727272728,155.60681818181817,10.833832357193977
2025-03-14,4,6,0.0,197,42,31292,0.0,0.0,0.0
2025-03-15,1,5,4321.51,301,39,25670,14.35717607973422,110.80794871794872,5.940053360977991
2025-03-15,2,7,3459.26,492,19,8738,7.031016260162602,182.0663157894737,2.525973763174783
2025-03-15,3,8,3057.39,469,29,7469,6.518955223880597,105.42724137931036,2.44293335164961
2025-03-15,4,6,0.0,452,41,27534,0.0,0.0,0.0
2025-03-16,1,1,921.54,395,32,14017,2.333012658227848,28.798125,15.210408663758493
2025-03-16,2,9,2154.72,196,14,7808,10.9934693877551,153.9085714285714,3.6236726813692735
2025-03-16,3,3,1693.41,197,43,17713,8.595989847715737,39.381627906976746,10.459959490023088
2025-03-16,4,6,0.0,401,21,45329,0.0,0.0,0.0
2025-03-17,1,1,1597.95,248,43,7719,6.443346774193548,37.16162790697675,4.830564160330424
2025-03-17,2,9,4878.55,357,26,27890,13.665406162464986,187.6365384615385,5.716862592368634
2025-03-17,3,8,2268.94,466,30,16700,4.8689699570815455,75.63133333333333,7.360265145839026
2025-03-17,4,6,0.0,473,48,41509,0.0,0.0,0.0
2025-03-18,1,5,4514.21,177,29,47534,25.504011299435028,155.66241379310344,10.52986015271775
2025-03-18,2,7,3340.12,88,21,41766,37.95590909090909,159.05333333333334,12.5043411613954
2025-03-18,3,3,4076.65,387,17,31705,10.533979328165374,239.8029411764706,7.777219040143255
2025-03-18,4,6,0.0,409,24,23787,0.0,0.0,0.0
2025-03-19,1,5,2761.87,178,29,31588,15.516123595505617,95.23689655172412,11.437178433452695
2025-03-19,2,7,3096.07,316,8,31123,9.797689873417722,387.00875,10.052421295384148
2025-03-19,3,3,2716.33,490,14,38062,5.543530612244898,194.02357142857144,14.012288639451024
2025-03-19,4,6,0.0,483,7,15177,0.0,0.0,0.0
2025-03-20,1,10,1378.59,200,45,26727,6.89295,30.63533333333333,19.387199965181814
2025-03-20,2,2,3751.03,464,49,35220,8.084116379310345,76.55163265306123,9.38942103902128
2025-03-20,3,8,1763.48,347,22,14882,5.08207492795389,80.15818181818182,8.438995622292286
2025-03-20,4,6,0.0,148,40,6136,0.0,0.0,0.0
2025-03-21,1,1,609.42,312,26,39832,1.9532692307692303,23.439230769230768,65.36050671129927
2025-03-21,2,7,3404.63,301,38,36966,11.311063122923589,89.59552631578947,10.857567488978244
2025-03-21,3,3,1297.0,193,12,12009,6.72020725388601,108.08333333333331,9.259059367771782
2025-03-21,4,6,0.0,395,44,17987,0.0,0.0,0.0
2025-03-22,1,10,4732.06,161,48,42311,29.391677018633544,98.58458333333334,8.941349010790226
2025-03-22,2,7,4792.68,109,23,36575,43.96954128440368,208.37739130434784,7.631429596801789
2025-03-22,3,8,4616.89,418,46,6007,11.04519138755981,100.36717391304347,1.301092293730195
2025-03-22,4,4,0.0,51,45,10445,0.0,0.0,0.0
2025-03-23,1,10,2165.71,434,41,15706,4.990115207373272,52.82219512195122,7.252125169113131
2025-03-23,2,2,569.55,353,10,49486,1.613456090651558,56.955,86.88613817926434
2025-03-23,3,8,4677.43,303,30,34257,15.437062706270629,155.91433333333333,7.32389367665577
2025-03-23,4,4,0.0,189,38,26736,0.0,0.0,0.0
2025-03-24,1,5,2426.83,86,49,47207,28.21895348837209,49.527142857142856,19.452124788304083
2025-03-24,2,9,4849.95,209,10,18281,23.205502392344496,484.995,3.769317209455768
2025-03-24,3,11,4836.29,58,41,6435,83.38431034482758,117.95829268292682,1.3305653713900532
2025-03-24,4,6,0.0,282,37,38339,0.0,0.0,0.0
2025-03-25,1,1,4338.54,148,26,40150,29.31445945945946,166.8669230769231,9.254265259741755
2025-03-25,2,7,1825.02,196,25,30821,9.311326530612243,73.0008,16.88803410373585
2025-03-25,3,11,2232.94,353,10,31660,6.325609065155808,223.294,14.178616532463924
2025-03-25,4,4,0.0,257,10,10084,0.0,0.0,0.0
2025-03-26,1,10,4330.12,180,8,21661,24.05622222222222,541.265,5.002401781012997
2025-03-26,2,2,1926.15,453,34,18507,4.251986754966888,56.6514705882353,9.608285959037458
2025-03-26,3,3,1262.72,201,15,12059,6.282189054726368,84.18133333333334,9.55001900658895
2025-03-26,4,4,0.0,103,34,23271,0.0,0.0,0.0
2025-03-27,1,1,3005.61,169,35,12491,17.78467455621302,85.87457142857143,4.155895142749724
2025-03-27,2,7,4712.7,210,28,19859,22.44142857142857,168.31071428571428,4.213932565196172
2025-03-27,3,3,3632.13,457,13,13073,7.947768052516412,279.3946153846154,3.599265444794101
2025-03-27,4,6,0.0,165,7,14077,0.0,0.0,0.0
2025-03-28,1,1,3065.28,124,35,25953,24.72,87.57942857142858,8.466763232070154
2025-03-28,2,2,937.29,162,44,16383,5.78574074074074,21.302045454545453,17.47911532183209
2025-03-28,3,8,3267.53,469,41,7353,6.967014925373134,79.69585365853659,2.250323638956643
2025-03-28,4,4,0.0,471,40,28821,0.0,0.0,0.0
2025-03-29,1,5,4955.24,153,28,42567,32.38718954248366,176.97285714285712,8.590300368902415
2025-03-29,2,9,1130.38,389,35,29860,2.9058611825192804,32.29657142857143,26.41589553955307
2025-03-29,3,3,2832.48,303,10,26195,9.348118811881188,283.248,9.248079421566969
2025-03-29,4,6,0.0,276,6,16939,0.0,0.0,0.0
2025-03-30,1,10,4448.18,161,24,30338,27.628447204968943,185.3408333333333,6.820317523121815
2025-03-30,2,9,3833.46,148,32,26730,25.90175675675676,119.795625,6.972813072263699
2025-03-30,3,3,3636.57,202,15,26427,18.00282178217822,242.438,7.267012597035118
2025-03-30,4,4,0.0,398,8,40196,0.0,0.0,0.0
2025-03-31,1,1,3661.18,451,19,32083,8.117915742793791,192.6936842105263,8.763021758012444
2025-03-31,2,7,2117.71,433,10,26510,4.890785219399538,211.771,12.518239041228496
2025-03-31,3,11,1821.16,415,34,49064,4.388337349397591,53.56352941176471,26.941070526477628
2025-03-31,4,6,0.0,387,42,12813,0.0,0.0,0.0
2025-04-01,1,1,4142.13,243,6,36598,17.045802469135804,690.355,8.83555079150099
2025-04-01,2,7,4145.51,359,19,32570,11.547381615598889,218.18473684210528,7.856693145113629
2025-04-01,3,11,4401.83,212,15,32082,20.76334905660377,293.45533333333333,7.28833235268059
2025-04-01,4,6,0.0,257,12,34241,0.0,0.0,0.0
2025-04-02,1,5,4609.58,494,30,35678,9.331133603238866,153.65266666666668,7.739967632625966
2025-04-02,2,9,2801.04,218,49,49569,12.84880733944954,57.16408163265306,17.69664124753663
2025-04-02,3,3,2756.82,210,48,16745,13.127714285714289,57.43375,6.074027321334
2025-04-02,4,6,0.0,117,9,31029,0.0,0.0,0.0
2025-04-03,1,1,4092.33,338,10,18025,12.107485207100591,409.233,4.404581253222492
2025-04-03,2,7,3424.84,447,30,41124,7.661834451901567,114.16133333333332,12.007568236764344
2025-04-03,3,3,3658.85,326,8,19288,11.223466257668711,457.35625,5.271601732784892
2025-04-03,4,4,0.0,353,23,28650,0.0,0.0,0.0
2025-04-04,1,10,4081.07,453,24,11540,9.008984547461369,170.04458333333335,2.8276897970385217
2025-04-04,2,7,4505.02,433,37,37232,10.404203233256352,121.75729729729731,8.264558203959139
2025-04-04,3,3,2020.98,441,24,21422,4.582721088435374,84.2075,10.599808013933837
2025-04-04,4,4,0.0,184,16,8342,0.0,0.0,0.0
2025-04-05,1,5,2190.12,244,5,46846,8.975901639344261,438.024,21.3896955417968
2025-04-05,2,7,922.92,450,30,40612,2.050933333333333,30.764,44.00381398171022
2025-04-05,3,8,3102.26,177,18,15396,17.526892655367234,172.3477777777778,4.962833547155944
2025-04-05,4,4,0.0,82,42,22482,0.0,0.0,0.0
2025-04-06,1,1,661.74,225,41,28411,2.9410666666666665,16.14,42.93378063892163
2025-04-06,2,9,2595.19,492,15,18261,5.274776422764227,173.01266666666666,7.0364790246571545
2025-04-06,3,11,2941.9,420,40,8093,7.00452380952381,73.5475,2.7509432679560826
2025-04-06,4,6,0.0,424,17,16722,0.0,0.0,0.0
2025-04-07,1,5,1789.44,71,47,27042,25.20338028169014,38.0731914893617,15.11199034334764
2025-04-07,2,7,3158.75,287,7,49413,11.00609756097561,451.25,15.643213296398892
2025-04-07,3,11,637.25,207,37,33087,3.0785024154589373,17.222972972972972,51.92153785798352
2025-04-07,4,4,0.0,87,10,37347,0.0,0.0,0.0
2025-04-08,1,5,668.07,279,14,38756,2.394516129032258,47.71928571428572,58.01188498211265
2025-04-08,2,2,4201.7,414,9,44214,10.14903381642512,466.8555555555556,10.522883594735465
2025-04-08,3,11,2120.86,100,27,21335,21.2086,78.55037037037037,10.059598464773725
2025-04-08,4,6,0.0,487,14,33602,0.0,0.0,0.0
2025-04-09,1,1,1071.77,313,48,39450,3.4241853035143768,22.328541666666663,36.80827043115594
2025-04-09,2,9,2850.09,332,6,37196,8.58460843373494,475.015,13.05081593914578
2025-04-09,3,3,3964.97,76,17,10626,52.17065789473684,233.2335294117647,2.679969835837346
2025-04-09,4,4,0.0,275,44,12424,0.0,0.0,0.0
2025-04-10,1,1,1471.19,326,6,17857,4.512852760736196,245.19833333333332,12.137793215016416
2025-04-10,2,7,3303.01,335,24,49923,9.859731343283585,137.62541666666667,15.114395657294406
2025-04-10,3,11,884.06,146,5,24982,6.055205479452054,176.81199999999998,28.258263013822592
2025-04-10,4,6,0.0,333,41,16425,0.0,0.0,0.0
2025-04-11,1,5,732.57,416,13,6980,1.7609855769230771,56.35153846153847,9.528099703782573
2025-04-11,2,2,2891.1,497,21,31431,5.817102615694165,137.67142857142858,10.871640552039016
2025-04-11,3,8,2932.86,366,13,24440,8.01327868852459,225.60461538461536,8.333162851278274
2025-04-11,4,6,0.0,353,15,46752,0.0,0.0,0.0
2025-04-12,1,1,3368.43,196,19,22175,17.185867346938775,177.2857894736842,6.583185638413148
2025-04-12,2,2,3767.41,53,28,31385,71.0832075471698,134.55035714285714,8.33065687036983
2025-04-12,3,11,4891.33,84,42,43158,58.23011904761905,116.4602380952381,8.823367059674975
2025-04-12,4,6,0.0,241,39,28019,0.0,0.0,0.0
2025-04-13,1,10,2823.35,98,34,23639,28.80969387755102,83.03970588235293,8.37267784723821
2025-04-13,2,2,1953.3,66,35,24994,29.595454545454544,55.80857142857143,12.795781497977782
2025-04-13,3,3,4078.34,221,9,39375,18.454027149321263,453.1488888888889,9.654663416978476
2025-04-13,4,4,0.0,269,48,26563,0.0,0.0,0.0
2025-04-14,1,10,1718.75,207,18,44341,8.303140096618357,95.48611111111111,25.7984
2025-04-14,2,2,2475.37,95,15,10776,26.056526315789476,165.02466666666666,4.353288599280108
2025-04-14,3,11,853.05,422,13,41444,2.0214454976303315,65.61923076923077,48.58331868003048
2025-04-14,4,6,0.0,55,38,8380,0.0,0.0,0.0
2025-04-15,1,1,614.08,148,16,13711,4.149189189189189,38.38,22.32770974465868
2025-04-15,2,2,4831.92,429,39,13782,11.263216783216784,123.8953846153846,2.852282322555009
2025-04-15,3,8,4261.91,282,39,22434,15.113156028368794,109.2797435897436,5.26383710589853
2025-04-15,4,6,0.0,86,5,25017,0.0,0.0,0.0
2025-04-16,1,10,3631.88,329,44,35707,11.039148936170212,82.54272727272728,9.83154729781821
2025-04-16,2,7,2340.29,398,26,44110,5.880125628140704,90.01115384615385,18.848091475842736
2025-04-16,3,11,1279.82,351,33,22343,3.646210826210826,38.78242424242424,17.457923770530233
2025-04-16,4,6,0.0,230,12,43827,0.0,0.0,0.0
2025-04-17,1,5,1203.97,144,15,46652,8.360902777777778,80.26466666666667,38.74847379918104
2025-04-17,2,2,1626.09,148,45,10655,10.987094594594597,36.13533333333333,6.552527842862326
2025-04-17,3,3,2971.52,237,41,49859,12.538059071729958,72.4760975609756,16.77895487831144
2025-04-17,4,4,0.0,165,18,20251,0.0,0.0,0.0
2025-04-18,1,5,3715.68,240,34,5526,15.482,109.28470588235294,1.4872109546570211
2025-04-18,2,2,3470.89,302,39,8224,11.493013245033112,88.99717948717948,2.369421099487452
2025-04-18,3,8,1759.7,465,25,16536,3.784301075268817,70.388,9.39705631641757
2025-04-18,4,4,0.0,210,41,33541,0.0,0.0,0.0
2025-04-19,1,10,4796.89,305,9,18547,15.727508196721312,532.9877777777779,3.866463479462735
2025-04-19,2,7,3820.54,372,23,39531,10.2702688172043,166.1104347826087,10.346966659163364
2025-04-19,3,8,2994.59,177,18,13712,16.91858757062147,166.3661111111111,4.578923992933924
2025-04-19,4,6,0.0,67,30,43565,0.0,0.0,0.0
2025-04-20,1,10,3252.74,330,8,14208,9.85678787878788,406.5925,4.3680097394811765
2025-04-20,2,2,2388.2,272,29,10109,8.780147058823529,82.35172413793103,4.232895067414789
2025-04-20,3,8,1614.79,103,49,40201,15.67757281553398,32.954897959183675,24.895497247320087
2025-04-20,4,6,0.0,107,46,21967,0.0,0.0,0.0
2025-04-21,1,10,2101.88,372,29,34759,5.650215053763441,72.47862068965517,16.537100119892667
2025-04-21,2,2,3910.31,409,22,25172,9.560660146699266,177.74136363636364,6.437341284962062
2025-04-21,3,11,564.77,223,44,41935,2.5326008968609863,12.835681818181818,74.25146519822229
2025-04-21,4,6,0.0,329,12,31589,0.0,0.0,0.0
2025-04-22,1,5,1022.33,163,43,35015,6.271963190184049,23.775116279069767,34.2501931861532
2025-04-22,2,9,707.01,337,44,34009,2.0979525222551927,16.06840909090909,48.10257280660811
2025-04-22,3,11,683.28,480,18,22773,1.4235,37.96,33.32894274675097
2025-04-22,4,4,0.0,391,36,46125,0.0,0.0,0.0
2025-04-23,1,5,4349.57,200,42,31143,21.74785,103.56119047619048,7.1600181167333785
2025-04-23,2,2,3666.46,499,37,11154,7.347615230460922,99.09351351351351,3.0421714678463694
2025-04-23,3,3,2633.78,176,27,26804,14.964659090909093,97.54740740740742,10.17700795055016
2025-04-23,4,6,0.0,204,19,46688,0.0,0.0,0.0
2025-04-24,1,10,940.25,435,37,25581,2.1614942528735632,25.41216216216216,27.206593990959853
2025-04-24,2,9,2712.27,322,29,35087,8.423198757763975,93.52655172413792,12.936396450205915
2025-04-24,3,11,2630.62,153,21,37981,17.19359477124183,125.26761904761904,14.438041222221376
2025-04-24,4,6,0.0,466,37,8762,0.0,0.0,0.0
2025-04-25,1,10,1279.41,442,6,14768,2.894592760180996,213.235,11.5428205188329
2025-04-25,2,9,2452.33,348,18,48408,7.046925287356322,136.24055555555557,19.739594589635164
2025-04-25,3,8,2293.27,295,44,44499,7.773796610169492,52.119772727272725,19.4041695918928
2025-04-25,4,4,0.0,225,44,43559,0.0,0.0,0.0
2025-04-26,1,1,3271.33,88,43,13783,37.17420454545454,76.07744186046511,4.213271054892047
2025-04-26,2,7,3357.92,219,10,34781,15.33296803652968,335.79200000000003,10.35790012865107
2025-04-26,3,11,703.87,296,10,35811,2.377939189189189,70.387,50.87729268188728
2025-04-26,4,6,0.0,75,7,40488,0.0,0.0,0.0
2025-04-27,1,5,2185.76,404,11,13905,5.410297029702971,198.70545454545456,6.361631652148451
2025-04-27,2,9,3316.37,355,12,14127,9.34188732394366,276.3641666666667,4.259778010294388
2025-04-27,3,3,2764.11,458,46,27431,6.035174672489084,60.08934782608696,9.923990000397955
2025-04-27,4,4,0.0,457,19,11368,0.0,0.0,0.0
2025-04-28,1,5,4354.2,62,33,32424,70.2290322580645,131.94545454545454,7.446603279592118
2025-04-28,2,2,3464.12,365,37,23333,9.490739726027398,93.62486486486486,6.735621167857927
2025-04-28,3,8,1233.2,440,34,28116,2.8027272727272727,36.27058823529412,22.79922153746351
2025-04-28,4,4,0.0,362,43,48201,0.0,0.0,0.0
2025-04-29,1,10,817.56,85,31,20525,9.61835294117647,26.37290322580645,25.105191056313917
2025-04-29,2,7,3390.89,222,40,28398,15.27427927927928,84.77225,8.37479245861706
2025-04-29,3,11,619.3,69,33,37857,8.97536231884058,18.766666666666666,61.12869368642016
2025-04-29,4,4,0.0,370,42,15361,0.0,0.0,0.0
2025-04-30,1,1,3135.99,313,37,21369,10.019137380191692,84.75648648648648,6.814116116441698
2025-04-30,2,7,4731.04,449,41,8041,10.536837416481069,115.39121951219512,1.6996262978118977
2025-04-30,3,3,3089.63,191,31,5105,16.17607329842932,99.66548387096776,1.652301408259241
2025-04-30,4,4,0.0,420,37,14078,0.0,0.0,0.0
2025-05-01,1,1,2246.76,192,8,30003,11.701875,280.845,13.353896277305989
2025-05-01,2,2,3394.8,141,26,11090,24.07659574468085,130.56923076923078,3.26676092847885
2025-05-01,3,11,2562.14,403,6,43850,6.357667493796526,427.0233333333333,17.114599514468374
2025-05-01,4,6,0.0,371,14,6925,0.0,0.0,0.0
2025-05-02,1,1,2955.28,337,9,23440,8.769376854599408,328.3644444444445,7.9315665520695156
2025-05-02,2,9,4736.59,264,14,44685,17.941628787878788,338.3278571428572,9.434002098556132
2025-05-02,3,3,2237.46,496,37,31015,4.511008064516129,60.47189189189189,13.861700320899592
2025-05-02,4,6,0.0,391,42,38320,0.0,0.0,0.0
2025-05-03,1,10,4825.36,100,17,30291,48.2536,283.8447058823529,6.27745909113517
2025-05-03,2,9,4574.08,202,35,41679,22.643960396039603,130.688,9.111996292150552
2025-05-03,3,3,1381.06,235,40,31289,5.876851063829787,34.5265,22.65578613528739
2025-05-03,4,4,0.0,112,49,8389,0.0,0.0,0.0
2025-05-04,1,1,812.13,239,28,30683,3.3980334728033474,29.00464285714286,37.78089714700848
2025-05-04,2,9,953.5,174,19,18629,5.4798850574712645,50.18421052631579,19.53749344520189
2025-05-04,3,8,582.0,199,33,29826,2.924623115577889,17.636363636363637,51.24742268041237
2025-05-04,4,6,0.0,363,12,40198,0.0,0.0,0.0
2025-05-05,1,1,924.99,107,9,31630,8.644766355140186,102.77666666666669,34.194964269884
2025-05-05,2,9,3573.53,391,33,38226,9.139462915601024,108.28878787878789,10.696985893500264
2025-05-05,3,8,820.35,354,8,37975,2.3173728813559324,102.54375,46.29121716340586
2025-05-05,4,4,0.0,229,16,5899,0.0,0.0,0.0
2025-05-06,1,1,1935.39,219,49,16653,8.837397260273972,39.49775510204082,8.604467316664858
2025-05-06,2,9,4301.94,375,6,32961,11.471839999999998,716.9899999999999,7.661892076598001
2025-05-06,3,11,604.72,320,31,21405,1.88975,19.50709677419355,35.39654716232306
2025-05-06,4,4,0.0,103,35,13601,0.0,0.0,0.0
2025-05-07,1,1,4165.11,493,40,38662,8.448498985801216,104.12775,9.2823478851699
2025-05-07,2,9,1768.35,150,40,38282,11.789,44.20875,21.64842932677355
2025-05-07,3,8,1031.74,313,30,26288,3.2962939297124603,34.391333333333336,25.479287417372596
2025-05-07,4,6,0.0,102,47,34545,0.0,0.0,0.0
2025-05-08,1,5,3635.32,109,31,41877,33.35155963302753,117.2683870967742,11.519481091073136
2025-05-08,2,9,3330.24,157,9,20313,21.21171974522293,370.0266666666666,6.099560392043817
2025-05-08,3,8,4448.62,54,24,20349,82.38185185185185,185.35916666666665,4.574227513251301
2025-05-08,4,4,0.0,152,15,12179,0.0,0.0,0.0
2025-05-09,1,1,3807.82,245,14,15326,15.542122448979592,271.9871428571429,4.024875125399835
2025-05-09,2,7,4115.66,311,44,49555,13.233633440514469,93.53772727272728,12.04059616197645
2025-05-09,3,3,1769.16,414,42,6560,4.273333333333333,42.12285714285714,3.707974405932759
2025-05-09,4,4,0.0,421,10,18612,0.0,0.0,0.0
2025-05-10,1,10,1298.48,399,12,22650,3.2543358395989976,108.20666666666666,17.443472367691456
2025-05-10,2,7,3877.77,96,27,31745,40.3934375,143.6211111111111,8.186406104539465
2025-05-10,3,3,4130.76,404,30,36890,10.224653465346536,137.692,8.930559993802593
2025-05-10,4,4,0.0,360,47,25022,0.0,0.0,0.0
2025-05-11,1,10,4957.27,473,16,9780,10.48048625792812,309.829375,1.9728600620906265
2025-05-11,2,2,2356.78,357,30,23311,6.601624649859945,78.55933333333334,9.891037771875183
2025-05-11,3,11,2174.08,193,17,33380,11.264663212435233,127.8870588235294,15.35362084191934
2025-05-11,4,4,0.0,318,44,49662,0.0,0.0,0.0
2025-05-12,1,10,3993.86,419,22,7356,9.531885441527448,181.5390909090909,1.8418272047593052
2025-05-12,2,9,2033.62,173,29,9790,11.755028901734104,70.12482758620689,4.814075392649561
2025-05-12,3,11,4688.41,155,37,31911,30.247806451612902,126.71378378378378,6.806358658905685
2025-05-12,4,6,0.0,207,44,29363,0.0,0.0,0.0
2025-05-13,1,1,4362.86,196,47,25049,22.25948979591837,92.82680851063829,5.7414173271661255
2025-05-13,2,9,2430.47,194,16,15181,12.52819587628866,151.904375,6.246117006175761
2025-05-13,3,8,3878.92,169,48,44825,22.952189349112427,80.81083333333333,11.556051684489496
2025-05-13,4,6,0.0,368,40,21082,0.0,0.0,0.0
2025-05-14,1,1,3895.44,324,8,5661,12.022962962962962,486.93,1.4532376316924405
2025-05-14,2,2,964.06,141,9,42412,6.837304964539007,107.11777777777776,43.99311246187997
2025-05-14,3,11,4561.49,107,41,7920,42.6307476635514,111.25585365853658,1.7362747698668637
2025-05-14,4,4,0.0,488,12,30658,0.0,0.0,0.0
2025-05-15,1,5,2773.64,395,46,19025,7.021873417721519,60.296521739130434,6.859217490373661
2025-05-15,2,2,4219.06,278,32,13946,15.176474820143886,131.845625,3.305475627272425
2025-05-15,3,8,1940.22,166,35,33706,11.688072289156628,55.43485714285714,17.372256754388676
2025-05-15,4,4,0.0,367,13,44004,0.0,0.0,0.0
2025-05-16,1,5,4529.85,328,33,21309,13.810518292682929,137.26818181818183,4.704129275803834
2025-05-16,2,2,2251.41,176,18,38120,12.792102272727272,125.07833333333332,16.931611745528357
2025-05-16,3,3,548.77,442,44,35027,1.2415610859728503,12.472045454545452,63.82819760555424
2025-05-16,4,6,0.0,445,45,12005,0.0,0.0,0.0
2025-05-17,1,5,4574.22,178,26,5956,25.697865168539327,175.93153846153848,1.3020799174504067
2025-05-17,2,2,910.79,107,15,39839,8.512056074766354,60.71933333333333,43.74114779477157
2025-05-17,3,11,1936.91,171,27,13595,11.326959064327486,71.73740740740742,7.01891156532828
2025-05-17,4,6,0.0,50,5,17803,0.0,0.0,0.0
2025-05-18,1,10,4775.28,288,41,30963,16.58083333333333,116.47024390243902,6.484017691109213
2025-05-18,2,9,4777.73,339,25,41221,14.093598820058997,191.1092,8.6277374401651
2025-05-18,3,8,3080.47,145,30,44443,21.24462068965517,102.68233333333332,14.427343879343088
2025-05-18,4,6,0.0,175,40,38723,0.0,0.0,0.0
2025-05-19,1,1,3343.27,167,27,44063,20.019580838323357,123.8248148148148,13.17961157788632
2025-05-19,2,7,2518.0,97,5,20282,25.95876288659794,503.6,8.054805401111993
2025-05-19,3,11,1819.45,138,44,9703,13.184420289855073,41.35113636363637,5.332930281128912
2025-05-19,4,4,0.0,286,19,11563,0.0,0.0,0.0
2025-05-20,1,10,1978.99,422,25,30849,4.689549763033176,79.1596,15.588254614727717
2025-05-20,2,2,3526.33,434,13,36860,8.125184331797234,271.25615384615384,10.45279369769704
2025-05-20,3,3,3885.69,321,13,36585,12.104953271028036,298.8992307692308,9.415316198667416
2025-05-20,4,6,0.0,238,14,27015,0.0,0.0,0.0
2025-05-21,1,5,4062.11,241,30,17003,16.855228215767635,135.40366666666668,4.185755678699001
2025-05-21,2,9,4053.28,496,45,48585,8.171935483870968,90.0728888888889,11.986588639324202
2025-05-21,3,3,910.43,118,39,31958,7.7155084745762705,23.34435897435897,35.10209461463265
2025-05-21,4,6,0.0,327,29,31017,0.0,0.0,0.0
2025-05-22,1,1,2724.89,398,30,16171,6.846457286432161,90.82966666666668,5.934551486482024
2025-05-22,2,7,759.01,296,15,17201,2.564222972972973,50.60066666666667,22.662415514947103
2025-05-22,3,11,2972.88,125,42,34426,23.78304,70.78285714285714,11.580016684158124
2025-05-22,4,6,0.0,203,6,22778,0.0,0.0,0.0
2025-05-23,1,1,2486.89,193,11,47229,12.885440414507771,226.08090909090907,18.99118979930757
2025-05-23,2,2,4494.67,484,22,26116,9.28650826446281,204.30318181818183,5.810437696204616
2025-05-23,3,3,2079.12,135,31,38297,15.400888888888888,67.06838709677419,18.41981222825041
2025-05-23,4,4,0.0,234,38,24342,0.0,0.0,0.0
2025-05-24,1,5,1026.8,334,31,32490,3.074251497005988,33.122580645161285,31.64199454616284
2025-05-24,2,9,1143.46,269,21,24975,4.250780669144982,54.4504761904762,21.8416035541252
2025-05-24,3,8,3926.8,118,47,31723,33.277966101694915,83.54893617021277,8.078588163390037
2025-05-24,4,4,0.0,96,48,28279,0.0,0.0,0.0
2025-05-25,1,10,3281.98,143,28,17765,22.95090909090909,117.21357142857144,5.412890998726379
2025-05-25,2,7,955.05,287,29,16561,3.327700348432056,32.932758620689654,17.34045337940422
2025-05-25,3,8,878.48,495,11,46899,1.774707070707071,79.86181818181818,53.38653128130407
2025-05-25,4,4,0.0,253,10,5525,0.0,0.0,0.0
2025-05-26,1,1,3654.36,449,28,27861,8.138886414253898,130.51285714285714,7.624043608183102
2025-05-26,2,9,827.43,267,37,38142,3.098988764044944,22.36297297297297,46.0969507994634
2025-05-26,3,3,4198.37,481,33,31916,8.728419958419957,127.22333333333331,7.601997918239698
2025-05-26,4,4,0.0,390,47,49965,0.0,0.0,0.0
2025-05-27,1,10,3678.09,88,26,9648,41.79647727272727,141.465,2.623100576657994
2025-05-27,2,9,866.07,149,30,40133,5.81255033557047,28.869000000000003,46.33921045642962
2025-05-27,3,3,881.77,338,32,35523,2.608786982248521,27.5553125,40.28601562765801
2025-05-27,4,4,0.0,303,25,34052,0.0,0.0,0.0
2025-05-28,1,1,4939.88,271,11,39414,18.228339483394837,449.08,7.978736325578759
2025-05-28,2,9,2184.22,406,21,37781,5.379852216748768,104.01047619047618,17.29725027698675
2025-05-28,3,8,2167.89,72,24,9599,30.109583333333333,90.32875,4.427807683969205
2025-05-28,4,6,0.0,299,45,40046,0.0,0.0,0.0
2025-05-29,1,10,4157.6,59,24,40923,70.4677966101695,173.23333333333335,9.842938233596303
2025-05-29,2,9,4762.62,295,26,46089,16.144474576271186,183.1776923076923,9.67723647908084
2025-05-29,3,3,4937.0,374,32,8814,13.20053475935829,154.28125,1.7852947133886976
2025-05-29,4,4,0.0,149,44,40984,0.0,0.0,0.0
2025-05-30,1,5,3890.2,339,11,31616,11.47551622418879,353.6545454545454,8.12708858156393
2025-05-30,2,9,2193.17,229,5,7113,9.577161572052402,438.634,3.243250637205506
2025-05-30,3,11,875.75,272,36,48006,3.219669117647059,24.32638888888889,54.817013988010274
2025-05-30,4,4,0.0,443,17,18760,0.0,0.0,0.0
2025-05-31,1,1,3997.16,299,34,26927,13.368428093645484,117.5635294117647,6.736532938386254
2025-05-31,2,2,3012.82,196,27,25939,15.371530612244898,111.58592592592592,8.609541890985854
2025-05-31,3,3,2409.0,491,23,37419,4.906313645621181,104.7391304347826,15.533001245330013
2025-05-31,4,6,0.0,145,36,17588,0.0,0.0,0.0
2025-06-01,1,5,4578.59,306,34,41142,14.962712418300654,134.66441176470587,8.985735783286994
2025-06-01,2,9,1000.39,374,33,44198,2.6748395721925133,30.314848484848483,44.18076949989504
2025-06-01,3,8,2716.81,53,49,49738,51.26056603773585,55.44510204081632,18.307500340472835
2025-06-01,4,6,0.0,65,33,38397,0.0,0.0,0.0
2025-06-02,1,1,551.09,329,34,21653,1.6750455927051673,16.208529411764708,39.29122284926237
2025-06-02,2,2,2608.97,385,20,15831,6.776545454545454,130.4485,6.0679118579362745
2025-06-02,3,3,753.36,296,44,10724,2.5451351351351352,17.12181818181818,14.23489434002336
2025-06-02,4,4,0.0,307,23,16083,0.0,0.0,0.0
2025-06-03,1,10,1034.68,433,22,24816,2.389561200923788,47.03090909090909,23.984227007383925
2025-06-03,2,9,1028.87,209,5,47240,4.9228229665071765,205.774,45.91444983331228
2025-06-03,3,8,3421.45,389,18,11276,8.795501285347044,190.08055555555555,3.295678732701048
2025-06-03,4,4,0.0,201,6,43663,0.0,0.0,0.0
2025-06-04,1,10,3857.2,445,32,18994,8.667865168539326,120.5375,4.924297417816033
2025-06-04,2,2,3125.16,227,34,28499,13.767224669603523,91.91647058823528,9.11921309628947
2025-06-04,3,3,4829.78,212,42,28040,22.78198113207547,114.9947619047619,5.805647462203248
2025-06-04,4,4,0.0,429,8,48320,0.0,0.0,0.0
2025-06-05,1,10,2186.92,82,5,21959,26.669756097560978,437.384,10.0410623159512
2025-06-05,2,7,1785.7,466,12,11099,3.831974248927039,148.80833333333334,6.215489723917791
2025-06-05,3,8,4408.7,494,33,47267,8.924493927125505,133.5969696969697,10.721301063805658
2025-06-05,4,6,0.0,228,43,24576,0.0,0.0,0.0
2025-06-06,1,1,1506.18,476,7,40946,3.164243697478992,215.16857142857145,27.185329774661724
2025-06-06,2,9,4834.5,150,36,11116,32.23,134.29166666666666,2.2993070638121837
2025-06-06,3,11,554.7,317,14,20563,1.7498422712933754,39.621428571428574,37.07048855237065
2025-06-06,4,6,0.0,372,14,31788,0.0,0.0,0.0
2025-06-07,1,10,4864.45,114,23,31928,42.67061403508772,211.4978260869565,6.5635375016702815
2025-06-07,2,9,694.22,466,38,41336,1.4897424892703863,18.268947368421053,59.54308432485379
2025-06-07,3,11,4510.14,217,37,14847,20.784055299539173,121.89567567567568,3.291915550293339
2025-06-07,4,4,0.0,379,27,31155,0.0,0.0,0.0
2025-06-08,1,1,2874.65,92,32,19135,31.246195652173917,89.8328125,6.656462525872715
2025-06-08,2,7,4968.34,93,36,22774,53.42301075268817,138.00944444444443,4.583824778497446
2025-06-08,3,8,832.08,334,11,6742,2.4912574850299403,75.64363636363636,8.102586289779829
2025-06-08,4,6,0.0,446,33,23309,0.0,0.0,0.0
2025-06-09,1,10,2992.34,61,12,5619,49.05475409836066,249.36166666666668,1.8777946356363249
2025-06-09,2,2,4861.86,144,5,22658,33.76291666666666,972.372,4.660356324534232
2025-06-09,3,11,2853.94,351,7,39707,8.130883190883191,407.7057142857143,13.913046525154698
2025-06-09,4,4,0.0,435,28,25337,0.0,0.0,0.0
2025-06-10,1,10,3332.29,302,27,21001,11.034072847682118,123.41814814814816,6.3022726113273455
2025-06-10,2,2,3630.87,291,12,5968,12.47721649484536,302.5725,1.6436831943859185
2025-06-10,3,11,2545.43,84,41,30892,30.30273809523809,62.08365853658536,12.13625988536318
2025-06-10,4,4,0.0,264,7,30619,0.0,0.0,0.0
2025-06-11,1,1,3324.01,386,37,5281,8.611424870466323,89.83810810810812,1.588743716174139
2025-06-11,2,7,3129.41,139,32,32420,22.513741007194245,97.7940625,10.359780278071586
2025-06-11,3,11,4555.21,313,12,20360,14.553386581469647,379.60083333333336,4.469607328751034
2025-06-11,4,6,0.0,142,38,44030,0.0,0.0,0.0
2025-06-12,1,10,704.51,459,39,6058,1.534880174291939,18.06435897435897,8.598884330953428
2025-06-12,2,2,1764.33,139,36,25677,12.693021582733811,49.009166666666665,14.5533998741732
2025-06-12,3,8,4776.85,467,28,15724,10.22880085653105,170.60178571428574,3.291708971393282
2025-06-12,4,6,0.0,164,18,33404,0.0,0.0,0.0
2025-06-13,1,10,4506.19,154,36,42946,29.260974025974026,125.17194444444443,9.53044589775398
2025-06-13,2,7,2550.46,440,47,44748,5.7965,54.26510638297872,17.545070301043733
2025-06-13,3,8,3290.6,245,20,34856,13.431020408163263,164.53,10.592597094754757
2025-06-13,4,6,0.0,363,8,14200,0.0,0.0,0.0
2025-06-14,1,5,1748.22,163,41,38997,10.725276073619632,42.63951219512195,22.306689089473863
2025-06-14,2,7,1346.55,124,25,30611,10.859274193548387,53.862,22.732910029334224
2025-06-14,3,11,2586.64,462,18,46235,5.598787878787879,143.70222222222222,17.87453994371076
2025-06-14,4,6,0.0,425,35,40057,0.0,0.0,0.0
2025-06-15,1,10,2090.09,469,22,6239,4.456481876332623,95.00409090909092,2.985038921768919
2025-06-15,2,2,3126.45,266,11,43138,11.753571428571428,284.22272727272724,13.797757840362072
2025-06-15,3,3,849.81,326,14,5125,2.6067791411042944,60.70071428571429,6.0307598169002485
2025-06-15,4,4,0.0,298,11,28857,0.0,0.0,0.0
2025-06-16,1,10,4884.78,213,37,20398,22.93323943661972,132.02108108108106,4.1758277752529285
2025-06-16,2,9,4937.95,443,27,11638,11.146613995485326,182.88703703703703,2.3568484897578954
2025-06-16,3,3,3641.73,406,25,11570,8.969778325123153,145.6692,3.177061451562856
2025-06-16,4,4,0.0,457,23,8249,0.0,0.0,0.0
2025-06-17,1,10,2912.43,241,23,14110,12.084771784232364,126.62739130434782,4.844751633515656
2025-06-17,2,9,1892.87,276,40,45363,6.858224637681159,47.32175,23.965195708104627
2025-06-17,3,11,4162.08,226,33,18605,18.416283185840708,126.12363636363636,4.470120708876332
2025-06-17,4,4,0.0,148,22,17115,0.0,0.0,0.0
2025-06-18,1,10,3581.29,85,6,44062,42.132823529411766,596.8816666666667,12.303387885370912
2025-06-18,2,9,1231.78,145,5,27911,8.495034482758621,246.356,22.65907873159168
2025-06-18,3,3,4599.17,201,9,43525,22.88144278606965,511.0188888888889,9.463664095912955
2025-06-18,4,4,0.0,200,24,37556,0.0,0.0,0.0
2025-06-19,1,5,4201.42,239,15,17595,17.579163179916318,280.0946666666667,4.18786981544335
2025-06-19,2,7,4774.1,273,46,6969,17.487545787545788,103.78478260869566,1.4597515762133175
2025-06-19,3,8,3765.74,86,6,48753,43.787674418604645,627.6233333333333,12.946459394435092
2025-06-19,4,6,0.0,317,7,22275,0.0,0.0,0.0
2025-06-20,1,10,3260.37,418,27,9470,7.799928229665071,120.75444444444445,2.9045783147311504
2025-06-20,2,2,2382.09,232,16,15225,10.267629310344828,148.880625,6.391446167021397
2025-06-20,3,8,4697.28,62,24,47324,75.7625806451613,195.72,10.07476667347912
2025-06-20,4,6,0.0,328,9,46974,0.0,0.0,0.0
2025-06-21,1,1,4397.29,266,41,47759,16.531165413533834,107.2509756097561,10.86100757512013
2025-06-21,2,2,703.48,404,42,28196,1.7412871287128713,16.74952380952381,40.08074145675784
2025-06-21,3,3,618.65,410,34,45287,1.50890243902439,18.19558823529412,73.20294188959832
2025-06-21,4,6,0.0,335,13,18669,0.0,0.0,0.0
2025-06-22,1,5,2194.09,322,38,42380,6.813944099378882,57.739210526315794,19.31552488731091
2025-06-22,2,2,4147.49,418,48,43006,9.922224880382776,86.40604166666667,10.369163035956689
2025-06-22,3,8,4942.74,111,39,20577,44.52918918918919,126.73692307692308,4.163075541096639
2025-06-22,4,6,0.0,133,26,27473,0.0,0.0,0.0
2025-06-23,1,5,1176.88,417,48,33625,2.822254196642686,24.51833333333333,28.57130718509958
2025-06-23,2,2,3173.59,266,28,20504,11.93078947368421,113.3425,6.46082197133215
2025-06-23,3,11,2214.01,391,21,29089,5.662429667519183,105.42904761904762,13.138603710010342
2025-06-23,4,6,0.0,446,14,41487,0.0,0.0,0.0
2025-06-24,1,1,4864.61,236,34,5302,20.612754237288133,143.07676470588234,1.08991265486853
2025-06-24,2,2,4289.54,68,27,36463,63.08147058823529,158.87185185185186,8.500445269189703
2025-06-24,3,11,4272.48,226,36,49912,18.904778761061944,118.68,11.682207991611431
2025-06-24,4,4,0.0,149,21,34259,0.0,0.0,0.0
2025-06-25,1,10,2609.12,445,21,47823,5.863191011235955,124.24380952380952,18.32916845526461
2025-06-25,2,2,2366.69,494,18,42208,4.7908704453441295,131.48277777777778,17.834190367137225
2025-06-25,3,8,1730.33,282,13,35659,6.135921985815602,133.10230769230768,20.60820768292753
2025-06-25,4,6,0.0,452,44,40840,0.0,0.0,0.0
2025-06-26,1,5,753.69,125,6,36890,6.029520000000001,125.615,48.94585306956441
2025-06-26,2,9,4391.25,314,49,18598,13.984872611464969,89.61734693877551,4.235240535155138
2025-06-26,3,3,4158.05,333,29,24508,12.486636636636636,143.38103448275862,5.894109017448082
2025-06-26,4,6,0.0,255,43,47287,0.0,0.0,0.0
2025-06-27,1,10,4998.73,272,13,18380,18.37768382352941,384.5176923076923,3.6769339412210704
2025-06-27,2,7,4984.87,433,26,31984,11.512401847575058,191.72576923076923,6.416215468006187
2025-06-27,3,8,2999.44,101,47,49633,29.697425742574257,63.81787234042553,16.547422185474623
2025-06-27,4,4,0.0,388,8,13125,0.0,0.0,0.0
2025-06-28,1,10,3960.44,416,30,41059,9.520288461538462,132.01466666666667,10.367282423165102
2025-06-28,2,7,4751.45,193,33,9033,24.618911917098444,143.98333333333332,1.9011038735543888
2025-06-28,3,3,4323.41,422,49,42873,10.245047393364928,88.23285714285714,9.91647796530979
2025-06-28,4,6,0.0,118,38,22087,0.0,0.0,0.0
2025-06-29,1,1,1613.07,148,27,45901,10.89912162162162,59.74333333333333,28.455677682927583
2025-06-29,2,7,2527.45,445,41,10704,5.6796629213483145,61.64512195121951,4.235098617183327
2025-06-29,3,8,1081.22,74,15,12848,14.611081081081082,72.08133333333333,11.88287305081297
2025-06-29,4,6,0.0,485,10,26592,0.0,0.0,0.0
2025-06-30,1,5,4793.23,428,22,11924,11.19913551401869,217.87409090909088,2.487675325406876
2025-06-30,2,7,3227.79,102,25,32208,31.645,129.1116,9.978344316080042
2025-06-30,3,11,1528.89,200,46,24614,7.644450000000001,33.236739130434785,16.099261555769218
2025-06-30,4,6,0.0,193,40,5488,0.0,0.0,0.0
